{
  "micronaut": {
    "server": {
      "port": 8080,
      "cors": {
        "enabled": true,
        "configurations": {
          "web": {
            "allowedMethods": ["POST", "GET"]
          }
        }
      }
    },
    "application": {
      "name":"storefront"
    },
    "router": {
      "static-resources": {
        "default": {
          "mapping": "/**",
          "paths": ["classpath:static"]
        }
      }
    }
  },
  "consul": {
    "client": {
      "registration":{
          "enabled":false
      },
      "defaultZone":"${CONSUL_HOST:localhost}:${CONSUL_PORT:8500}"
    }
  }
}


